﻿<goods>
<title name='有一种情调叫做浪漫' offer_id='2' mobile_url='http://localhost:8080'>有一种情调叫做浪漫</title>
<title name='痞子英雄中的电脑高手好强' offer_id='3' mobile_url='192.168.1.1'>痞子英雄中的电脑高手好强</title>
<title name='如何根据手机定位' offer_id='4' mobile_url='192.168.1.2'>如何根据手机定位</title>
<title name='Java编程' offer_id='5' mobile_url='192.168.1.3'>如何根据手机定位</title>
<title name='如何根据手机定位' offer_id='6' mobile_url='192.168.1.4'>如何根据手机定位</title>
</goods>
